entity_id,dt_url,pic_url,label_color,label_index,sku
27,,https://www.vvs-eksperten.dk/sites/vvs-eksperten.dk/files/energylabels/701645604_datablad.pdf,green,A,701645604
28,,https://www.vvs-eksperten.dk/sites/vvs-eksperten.dk/files/energylabels/705923604_Datablad.pdf,green,A,705923604
1,https://www.vvs-eksperten.dk/sites/vvs-eksperten.dk/files/energylabels/datasheet/358944305_datablad_0.pdf,https://www.vvs-eksperten.dk/sites/vvs-eksperten.dk/files/energylabels/358944305_Nilan energilabel confort 300lr_0.jpg,green,A,GENPAKNILAN1
2,https://www.vvs-eksperten.dk/sites/vvs-eksperten.dk/files/energylabels/datasheet/358944305_datablad_1.pdf,https://www.vvs-eksperten.dk/sites/vvs-eksperten.dk/files/energylabels/358944305_Nilan energilabel confort 300lr_2.jpg,green,A,GENPAKNILAN2
3,https://www.vvs-eksperten.dk/sites/vvs-eksperten.dk/files/energylabels/datasheet/359200020 Datablad Danfoss Air_1.pdf,https://www.vvs-eksperten.dk/sites/vvs-eksperten.dk/files/energylabels/359200020_Energilabel Danfoss A2_2_1.jpg,green,A,GENPAKDANFOSS2
4,https://www.vvs-eksperten.dk/sites/vvs-eksperten.dk/files/energylabels/datasheet/359200020 Datablad Danfoss Air_0.pdf,https://www.vvs-eksperten.dk/sites/vvs-eksperten.dk/files/energylabels/359200020_Energilabel Danfoss A2_2_0.jpg,green,A,GENPAKDANFOSS1
5,https://www.vvs-eksperten.dk/sites/vvs-eksperten.dk/files/energylabels/datasheet/UNITEAIR datablad.pdf,https://www.vvs-eksperten.dk/sites/vvs-eksperten.dk/files/energylabels/UNITEAIR Energilabel.jpg,green,A,UNITEAIR
6,https://www.vvs-eksperten.dk/sites/vvs-eksperten.dk/files/energylabels/datasheet/AIRCONR290-Tekniskdata_2.jpg,https://www.vvs-eksperten.dk/sites/vvs-eksperten.dk/files/energylabels/AIRCONR290-Energimærke_2_0.jpg,yellow,A,AIRCONR290
7,https://www.vvs-eksperten.dk/sites/vvs-eksperten.dk/files/energylabels/datasheet/manual_aircon7000.pdf,https://www.vvs-eksperten.dk/sites/vvs-eksperten.dk/files/energylabels/AIRCON7000_energimærke.jpg,yellow,A,AIRCON7000
8,https://www.vvs-eksperten.dk/sites/vvs-eksperten.dk/files/energylabels/datasheet/359011130_Tekniskdata 90001243 Erp Product Fiche_0.jpg,https://www.vvs-eksperten.dk/sites/vvs-eksperten.dk/files/energylabels/359011130_Energimærke 90001243 Erp Product Label_0.jpg,green,AA,GENPAK6
9,https://www.vvs-eksperten.dk/sites/vvs-eksperten.dk/files/energylabels/datasheet/359011130_Tekniskdata 90001243 Erp Product Fiche_1.jpg,https://www.vvs-eksperten.dk/sites/vvs-eksperten.dk/files/energylabels/359011130_Energimærke 90001243 Erp Product Label_1.jpg,green,AA,GENPAK8
10,https://www.vvs-eksperten.dk/sites/vvs-eksperten.dk/files/energylabels/datasheet/359011130_Tekniskdata 90001243 Erp Product Fiche_2.jpg,https://www.vvs-eksperten.dk/sites/vvs-eksperten.dk/files/energylabels/359011130_Energimærke 90001243 Erp Product Label_2.jpg,green,AA,GENPAK10
11,https://www.vvs-eksperten.dk/sites/vvs-eksperten.dk/files/energylabels/datasheet/359011140_Tekniskdata 90001244 Erp Product Fiche_1.jpg,https://www.vvs-eksperten.dk/sites/vvs-eksperten.dk/files/energylabels/359011140_Energimærke 90001244 Erp Product Label_1.jpg,green,AA,GENPAK12
12,https://www.vvs-eksperten.dk/sites/vvs-eksperten.dk/files/energylabels/datasheet/359011140_Tekniskdata 90001244 Erp Product Fiche_2.jpg,https://www.vvs-eksperten.dk/sites/vvs-eksperten.dk/files/energylabels/359011140_Energimærke 90001244 Erp Product Label_2.jpg,green,AA,GENPAK14
13,https://www.vvs-eksperten.dk/sites/vvs-eksperten.dk/files/energylabels/datasheet/AIRCON9000_Datablad.PNG,https://www.vvs-eksperten.dk/sites/vvs-eksperten.dk/files/energylabels/AIRCON9000_Energimærke.PNG,yellow,A,AIRCON9000
14,https://www.vvs-eksperten.dk/sites/vvs-eksperten.dk/files/energylabels/datasheet/346150307_Datablad_CopMax_luft_vand_varmepumper_2020_10.pdf,https://www.vvs-eksperten.dk/sites/vvs-eksperten.dk/files/energylabels/346150314_AS14S energimærke 2019_2.jpg,green,AA,346151460
15,https://www.vvs-eksperten.dk/sites/vvs-eksperten.dk/files/energylabels/datasheet/346019210 Datablad CopMax 10kW_1.pdf,https://www.vvs-eksperten.dk/sites/vvs-eksperten.dk/files/energylabels/346019210 Energimærke CopMax 10kW_1.jpg,green,AA,346019430
16,https://www.vvs-eksperten.dk/sites/vvs-eksperten.dk/files/energylabels/datasheet/346019215 copmax_jordvarmepumpe_datablad_1.pdf,https://www.vvs-eksperten.dk/sites/vvs-eksperten.dk/files/energylabels/346019215 Energimærke CopMax VP 15kW_1.jpg,green,AA,346019460
17,https://www.vvs-eksperten.dk/sites/vvs-eksperten.dk/files/energylabels/datasheet/305500200_provningsattest.pdf,https://www.vvs-eksperten.dk/sites/vvs-eksperten.dk/files/energylabels/305500200_Energimærke_IRINA .jpg,green,AA,305500200
18,https://www.vvs-eksperten.dk/sites/vvs-eksperten.dk/files/energylabels/datasheet/305500300_Prøvningsattest.pdf,https://www.vvs-eksperten.dk/sites/vvs-eksperten.dk/files/energylabels/305500300_Energilabel.PNG,green,AA,305500300
19,https://www.vvs-eksperten.dk/sites/vvs-eksperten.dk/files/energylabels/datasheet/371981041_Energimærke 2240 rør op_2.pdf,https://www.vvs-eksperten.dk/sites/vvs-eksperten.dk/files/energylabels/371981041 Energimærke.jpg,lightgreen,B,371981041
20,https://www.vvs-eksperten.dk/sites/vvs-eksperten.dk/files/energylabels/datasheet/371980011 Datablad Metro 6441_2.pdf,https://www.vvs-eksperten.dk/sites/vvs-eksperten.dk/files/energylabels/371980011 Energimærke Metro 6441.jpg,lightgreen,B,371980011
21,https://www.vvs-eksperten.dk/sites/vvs-eksperten.dk/files/energylabels/datasheet/371983016 Datablad Metro_2.pdf,https://www.vvs-eksperten.dk/sites/vvs-eksperten.dk/files/energylabels/371983016 Metro energimærke.jpg,yellow,C,371983016
22,https://www.vvs-eksperten.dk/sites/vvs-eksperten.dk/files/energylabels/datasheet/345111260 Datablad Metro 655_2.pdf,https://www.vvs-eksperten.dk/sites/vvs-eksperten.dk/files/energylabels/345111260 Energimærke Metro 655.jpg,yellow,C,345111260
23,https://www.vvs-eksperten.dk/sites/vvs-eksperten.dk/files/energylabels/datasheet/371983006 Datablad Metro 2623_2.pdf,https://www.vvs-eksperten.dk/sites/vvs-eksperten.dk/files/energylabels/371983006 Energimærke Metro 2623.jpg,lightgreen,B,371983006
24,https://www.vvs-eksperten.dk/sites/vvs-eksperten.dk/files/energylabels/datasheet/348858161 Datablad Metro 2685C1_2.pdf,https://www.vvs-eksperten.dk/sites/vvs-eksperten.dk/files/energylabels/348858161 Energimærke Metro 2685C1.jpg,yellow,C,348858161
25,https://www.vvs-eksperten.dk/sites/vvs-eksperten.dk/files/energylabels/datasheet/345211007 Datablad Metro 7000_2.pdf,https://www.vvs-eksperten.dk/sites/vvs-eksperten.dk/files/energylabels/345211007 Energimærke Metro 7000.jpg,darkorange,D,345211007
26,https://www.vvs-eksperten.dk/sites/vvs-eksperten.dk/files/energylabels/datasheet/305600100_testrapport.pdf,https://www.vvs-eksperten.dk/sites/vvs-eksperten.dk/files/energylabels/305600100_energilabel.png,green,AA,305600100
29,https://www.vvs-eksperten.dk/sites/vvs-eksperten.dk/files/energylabels/datasheet/345121100 Datablad Metro 611_2.pdf,https://www.vvs-eksperten.dk/sites/vvs-eksperten.dk/files/energylabels/345121100 Energimærke Metro 611.jpg,yellow,C,345121100
30,https://www.vvs-eksperten.dk/sites/vvs-eksperten.dk/files/energylabels/datasheet/371311260_Datablad Pannex combi 160.pdf,https://www.vvs-eksperten.dk/sites/vvs-eksperten.dk/files/energylabels/371311260_Energimærke Pannex combi 160.pdf,yellow,C,371311260
31,https://www.vvs-eksperten.dk/sites/vvs-eksperten.dk/files/energylabels/datasheet/305500700_PIRO PRØVNINGS ATTEST_0.pdf,https://www.vvs-eksperten.dk/sites/vvs-eksperten.dk/files/energylabels/305500700 Energimærke Piro_0.jpg,green,AA,305500700
32,https://www.vvs-eksperten.dk/sites/vvs-eksperten.dk/files/energylabels/datasheet/305500700_PIRO PRØVNINGS ATTEST.pdf,https://www.vvs-eksperten.dk/sites/vvs-eksperten.dk/files/energylabels/305500700 Energimærke Piro.jpg,green,AA,305500710
33,https://www.vvs-eksperten.dk/sites/vvs-eksperten.dk/files/energylabels/datasheet/345119830_Ondeo Datablad.pdf,https://www.vvs-eksperten.dk/sites/vvs-eksperten.dk/files/energylabels/345119830_Ondeo 30l energimærke.PNG,yellow,C,345119830
34,,https://www.vvs-eksperten.dk/sites/vvs-eksperten.dk/files/energylabels/346767005 Datablad Bosch Compress.pdf,green,A,346767005
35,,https://www.vvs-eksperten.dk/sites/vvs-eksperten.dk/files/energylabels/346767005 Datablad Bosch Compress_0.pdf,green,A,346767006
36,,https://www.vvs-eksperten.dk/sites/vvs-eksperten.dk/files/energylabels/346770100 - Datablad.pdf,green,AA,346770100
37,,https://www.vvs-eksperten.dk/sites/vvs-eksperten.dk/files/energylabels/346770110_Datablad Panasonic Etherea varmepumpe.pdf,green,AAA,346770110
38,,https://www.vvs-eksperten.dk/sites/vvs-eksperten.dk/files/energylabels/346770100_Datablad Panasonic Etherea varmepumpe_0.pdf,green,AAA,346770130
39,https://www.vvs-eksperten.dk/sites/vvs-eksperten.dk/files/energylabels/datasheet/Teknisk data luft_luft varmepumper CopMax vers 2_1.pdf,"https://www.vvs-eksperten.dk/sites/vvs-eksperten.dk/files/energylabels/346760050 Energimærke Copmax3,5kw.jpg",green,AA,346760050
40,https://www.vvs-eksperten.dk/sites/vvs-eksperten.dk/files/energylabels/datasheet/Teknisk data luft_luft varmepumper CopMax vers 2_1_0.pdf,https://www.vvs-eksperten.dk/sites/vvs-eksperten.dk/files/energylabels/346760060 energimærke.png,green,AA,346760060
41,https://www.vvs-eksperten.dk/sites/vvs-eksperten.dk/files/energylabels/datasheet/359105110 Datablad.pdf,https://www.vvs-eksperten.dk/sites/vvs-eksperten.dk/files/energylabels/359105110_Energilabel-GE-Energy-2_0.jpg,green,A,359105110
42,https://www.vvs-eksperten.dk/sites/vvs-eksperten.dk/files/energylabels/datasheet/358944305_datablad.pdf,https://www.vvs-eksperten.dk/sites/vvs-eksperten.dk/files/energylabels/358944305_Nilan energilabel confort 300lr_1.jpg,green,A,358944305
43,https://www.vvs-eksperten.dk/sites/vvs-eksperten.dk/files/energylabels/datasheet/303010100 datablad.pdf,https://www.vvs-eksperten.dk/sites/vvs-eksperten.dk/files/energylabels/303010100_Energilabel.PNG,green,AA,303010100
44,https://www.vvs-eksperten.dk/sites/vvs-eksperten.dk/files/energylabels/datasheet/305500200_provningsattest_0.pdf,https://www.vvs-eksperten.dk/sites/vvs-eksperten.dk/files/energylabels/305500200_Energimærke_IRINA _0.jpg,green,AA,305500204
45,https://www.vvs-eksperten.dk/sites/vvs-eksperten.dk/files/energylabels/datasheet/345141331_datablad_metromini_4mx_2.pdf,https://www.vvs-eksperten.dk/sites/vvs-eksperten.dk/files/energylabels/345141331 Energimærke Metromini 4MX.jpg,green,A,345141331
46,https://www.vvs-eksperten.dk/sites/vvs-eksperten.dk/files/energylabels/datasheet/345141410_datablad_metromini_11_2.pdf,https://www.vvs-eksperten.dk/sites/vvs-eksperten.dk/files/energylabels/345141410 Energimærke Metromini 11.jpg,green,A,345141410
47,https://www.vvs-eksperten.dk/sites/vvs-eksperten.dk/files/energylabels/datasheet/345141480 Datablad Metromini 18_2.pdf,https://www.vvs-eksperten.dk/sites/vvs-eksperten.dk/files/energylabels/345141480 Energimærke Metromini 18.jpg,green,A,345141480
48,https://www.vvs-eksperten.dk/sites/vvs-eksperten.dk/files/energylabels/datasheet/305500010_Datablad Karen_0.pdf,https://www.vvs-eksperten.dk/sites/vvs-eksperten.dk/files/energylabels/305500000_Energimærke Karen_0.jpg,green,AA,305500000
49,,https://www.vvs-eksperten.dk/sites/vvs-eksperten.dk/files/energylabels/305500005_Datablad Karen.pdf,green,AA,305500005
50,https://www.vvs-eksperten.dk/sites/vvs-eksperten.dk/files/energylabels/datasheet/305501000_rolli_e_provningsattest_0.pdf,https://www.vvs-eksperten.dk/sites/vvs-eksperten.dk/files/energylabels/305501005 Energimærke ROLLI E_0.jpg,green,AA,305501000
51,https://www.vvs-eksperten.dk/sites/vvs-eksperten.dk/files/energylabels/datasheet/305501000_rolli_e_provningsattest.pdf,https://www.vvs-eksperten.dk/sites/vvs-eksperten.dk/files/energylabels/305501005 Energimærke ROLLI E.jpg,green,AA,305501005
52,https://www.vvs-eksperten.dk/sites/vvs-eksperten.dk/files/energylabels/datasheet/358944455_Datablad Nilan Comfort 450.pdf,https://www.vvs-eksperten.dk/sites/vvs-eksperten.dk/files/energylabels/358944455_Comfort 450 energilabel_0.jpg,green,A,358944455
53,https://www.vvs-eksperten.dk/sites/vvs-eksperten.dk/files/energylabels/datasheet/305650120 Datablad Duna.pdf,https://www.vvs-eksperten.dk/sites/vvs-eksperten.dk/files/energylabels/305650120 Energimærke Duna.jpg,green,AA,305650120
54,https://www.vvs-eksperten.dk/sites/vvs-eksperten.dk/files/energylabels/datasheet/305650130 Datablad Aria30.pdf,https://www.vvs-eksperten.dk/sites/vvs-eksperten.dk/files/energylabels/305650130 Energimærke Aria30.jpg,green,AA,305650130
55,https://www.vvs-eksperten.dk/sites/vvs-eksperten.dk/files/energylabels/datasheet/305650150 Datablad Aria50.pdf,https://www.vvs-eksperten.dk/sites/vvs-eksperten.dk/files/energylabels/305650150 Energimærke Aria50.jpg,green,AA,305650150
56,https://www.vvs-eksperten.dk/sites/vvs-eksperten.dk/files/energylabels/datasheet/358944366_Datablad.pdf,https://www.vvs-eksperten.dk/sites/vvs-eksperten.dk/files/energylabels/358944366_Comfort CT 300 energilabel_0.jpg,green,A,358944366
57,,https://www.vvs-eksperten.dk/sites/vvs-eksperten.dk/files/energylabels/Datablad CopMax luft_vand varmepumper 08_2020_9.pdf,green,AA,9VP-AS10+LL
58,https://www.vvs-eksperten.dk/sites/vvs-eksperten.dk/files/energylabels/datasheet/342173314_Datablad.pdf,https://www.vvs-eksperten.dk/sites/vvs-eksperten.dk/files/energylabels/342173314_Energimærke.PNG,yellow,A,342173314
59,https://www.vvs-eksperten.dk/sites/vvs-eksperten.dk/files/energylabels/datasheet/358945520 datablad_nilan_comfort_302_top.pdf,https://www.vvs-eksperten.dk/sites/vvs-eksperten.dk/files/energylabels/358945520_Comfort 302 Top energilabel_0.jpg,green,A,358945520
60,https://www.vvs-eksperten.dk/sites/vvs-eksperten.dk/files/energylabels/datasheet/346150307_Datablad_CopMax_luft_vand_varmepumper_2020.pdf,https://www.vvs-eksperten.dk/sites/vvs-eksperten.dk/files/energylabels/346150307_AS07V energimærke_2019.jpg,green,AA,346150307
61,https://www.vvs-eksperten.dk/sites/vvs-eksperten.dk/files/energylabels/datasheet/346150307_Datablad_CopMax_luft_vand_varmepumper_2020_3.pdf,https://www.vvs-eksperten.dk/sites/vvs-eksperten.dk/files/energylabels/346150310_energimaerke.jpg,green,AA,346150310
62,https://www.vvs-eksperten.dk/sites/vvs-eksperten.dk/files/energylabels/datasheet/346150307_Datablad_CopMax_luft_vand_varmepumper_2020_7.pdf,https://www.vvs-eksperten.dk/sites/vvs-eksperten.dk/files/energylabels/346150314_AS14S energimærke 2019.jpg,green,AA,346150314
63,https://www.vvs-eksperten.dk/sites/vvs-eksperten.dk/files/energylabels/datasheet/346150307_Datablad_CopMax_luft_vand_varmepumper_2020_11.pdf,https://www.vvs-eksperten.dk/sites/vvs-eksperten.dk/files/energylabels/346150321_AS20V energy lable 2019.jpg,green,AA,346150321
64,https://www.vvs-eksperten.dk/sites/vvs-eksperten.dk/files/energylabels/datasheet/346019210 Datablad CopMax 10kW.pdf,https://www.vvs-eksperten.dk/sites/vvs-eksperten.dk/files/energylabels/346019210 Energimærke CopMax 10kW.jpg,green,AA,346019210
65,https://www.vvs-eksperten.dk/sites/vvs-eksperten.dk/files/energylabels/datasheet/346019215 copmax_jordvarmepumpe_datablad.pdf,https://www.vvs-eksperten.dk/sites/vvs-eksperten.dk/files/energylabels/346019215 Energimærke CopMax VP 15kW.jpg,green,AA,346019215
66,https://www.vvs-eksperten.dk/sites/vvs-eksperten.dk/files/energylabels/datasheet/manual_multi_180-100_beholder_307012180_2020.pdf,https://www.vvs-eksperten.dk/sites/vvs-eksperten.dk/files/energylabels/307012180_Energimærke.jpg,lightgreen,B,307012180
67,https://www.vvs-eksperten.dk/sites/vvs-eksperten.dk/files/energylabels/datasheet/305500010_Datablad Karen.pdf,https://www.vvs-eksperten.dk/sites/vvs-eksperten.dk/files/energylabels/305500000_Energimærke Karen.jpg,green,AA,305500010
68,https://www.vvs-eksperten.dk/sites/vvs-eksperten.dk/files/energylabels/datasheet/345119830_Ondeo Datablad_1.pdf,https://www.vvs-eksperten.dk/sites/vvs-eksperten.dk/files/energylabels/345119810_energimærke.jpg,lightgreen,B,345119810
69,https://www.vvs-eksperten.dk/sites/vvs-eksperten.dk/files/energylabels/datasheet/345119830_Ondeo Datablad_0.pdf,https://www.vvs-eksperten.dk/sites/vvs-eksperten.dk/files/energylabels/345119820_energimærke.jpg,darkgreen,A,345119820
70,https://www.vvs-eksperten.dk/sites/vvs-eksperten.dk/files/energylabels/datasheet/346640306 Datablad Metrosaver MB-6kW.pdf,https://www.vvs-eksperten.dk/sites/vvs-eksperten.dk/files/energylabels/346640306 Energimærke Metrosaver MB 6kW.jpg,green,AAA,346640306
71,https://www.vvs-eksperten.dk/sites/vvs-eksperten.dk/files/energylabels/datasheet/346640308 Datablad Metrosaver MB 8kW.pdf,https://www.vvs-eksperten.dk/sites/vvs-eksperten.dk/files/energylabels/346640308 Energimærke Metrosaver MB 8kW_0.jpg,green,AAA,346640308
72,https://www.vvs-eksperten.dk/sites/vvs-eksperten.dk/files/energylabels/datasheet/346640310 Datablad Metrosaver MB 10kW.pdf,https://www.vvs-eksperten.dk/sites/vvs-eksperten.dk/files/energylabels/346640310 Energimærke Metrosaver MB 10kW.jpg,green,AAA,346640310
73,https://www.vvs-eksperten.dk/sites/vvs-eksperten.dk/files/energylabels/datasheet/346642108 Datablad MetroAir-F8.pdf,https://www.vvs-eksperten.dk/sites/vvs-eksperten.dk/files/energylabels/346642108 Energimærke Metroair F8.jpg,green,AAA,346642108
74,https://www.vvs-eksperten.dk/sites/vvs-eksperten.dk/files/energylabels/datasheet/346642112_Datablad MetroAir F12.pdf,https://www.vvs-eksperten.dk/sites/vvs-eksperten.dk/files/energylabels/346642112 Energimærke Metroair F12.jpg,green,AAA,346642112
75,https://www.vvs-eksperten.dk/sites/vvs-eksperten.dk/files/energylabels/datasheet/305500500 Datablad Musa_0.pdf,https://www.vvs-eksperten.dk/sites/vvs-eksperten.dk/files/energylabels/305500500 Energimærke Musa_0.jpg,green,AA,305500500
76,https://www.vvs-eksperten.dk/sites/vvs-eksperten.dk/files/energylabels/datasheet/305500500 Datablad Musa.pdf,https://www.vvs-eksperten.dk/sites/vvs-eksperten.dk/files/energylabels/305500500 Energimærke Musa.jpg,green,AA,305500505
77,https://www.vvs-eksperten.dk/sites/vvs-eksperten.dk/files/energylabels/datasheet/358944216_Datablad Nilan Comfort CT200.pdf,https://www.vvs-eksperten.dk/sites/vvs-eksperten.dk/files/energylabels/358944216_Comfort CT 200 energilabel_0.jpg,green,A,358944216
78,https://www.vvs-eksperten.dk/sites/vvs-eksperten.dk/files/energylabels/datasheet/346150307_Datablad_CopMax_luft_vand_varmepumper_2020_0.pdf,https://www.vvs-eksperten.dk/sites/vvs-eksperten.dk/files/energylabels/346150307_AS07V energimærke_2019_0.jpg,green,AA,346151510
79,https://www.vvs-eksperten.dk/sites/vvs-eksperten.dk/files/energylabels/datasheet/346150307_Datablad_CopMax_luft_vand_varmepumper_2020_5.pdf,https://www.vvs-eksperten.dk/sites/vvs-eksperten.dk/files/energylabels/346150310_energimaerke_1.jpg,green,AA,346151535
80,https://www.vvs-eksperten.dk/sites/vvs-eksperten.dk/files/energylabels/datasheet/346150307_Datablad_CopMax_luft_vand_varmepumper_2020_9.pdf,https://www.vvs-eksperten.dk/sites/vvs-eksperten.dk/files/energylabels/346150314_AS14S energimærke 2019_1.jpg,green,AA,346151550
81,https://www.vvs-eksperten.dk/sites/vvs-eksperten.dk/files/energylabels/datasheet/Datablad_Biomax.pdf,https://www.vvs-eksperten.dk/sites/vvs-eksperten.dk/files/energylabels/Energilabel 1200GP_303004012.jpg,green,AA,303004012
82,https://www.vvs-eksperten.dk/sites/vvs-eksperten.dk/files/energylabels/datasheet/Datablad_Biomax_0.pdf,https://www.vvs-eksperten.dk/sites/vvs-eksperten.dk/files/energylabels/Energilabel 1200GP_303004012_0.jpg,green,AA,303004212
83,https://www.vvs-eksperten.dk/sites/vvs-eksperten.dk/files/energylabels/datasheet/Datablad_Biomax_2.pdf,https://www.vvs-eksperten.dk/sites/vvs-eksperten.dk/files/energylabels/Energilabel 1700GP_303004017_0.jpg,green,AA,303004217
84,https://www.vvs-eksperten.dk/sites/vvs-eksperten.dk/files/energylabels/datasheet/Datablad_Biomax_1.pdf,https://www.vvs-eksperten.dk/sites/vvs-eksperten.dk/files/energylabels/Energilabel 1700GP_303004017.jpg,green,AA,303004017
85,https://www.vvs-eksperten.dk/sites/vvs-eksperten.dk/files/energylabels/datasheet/Datablad Nilan Comfort 302 Top_358945602.pdf,https://www.vvs-eksperten.dk/sites/vvs-eksperten.dk/files/energylabels/358945602_Comfort 302 Top energilabel_0.jpg,green,A,358945602
86,,https://www.vvs-eksperten.dk/sites/vvs-eksperten.dk/files/energylabels/305501000_rolli_e_provningsattest_0.pdf,green,AA,9PROLLIESORTWIFI
87,https://www.vvs-eksperten.dk/sites/vvs-eksperten.dk/files/energylabels/datasheet/371512015_Datablad_opro_sall-slim.pdf,https://www.vvs-eksperten.dk/sites/vvs-eksperten.dk/files/energylabels/371512015_Energilabel.jpg,lightgreen,B,371512015
88,https://www.vvs-eksperten.dk/sites/vvs-eksperten.dk/files/energylabels/datasheet/371512015_Datablad_opro_sall-slim_0.pdf,https://www.vvs-eksperten.dk/sites/vvs-eksperten.dk/files/energylabels/371512015_Energilabel_0.jpg,lightgreen,B,371512016
89,https://www.vvs-eksperten.dk/sites/vvs-eksperten.dk/files/energylabels/datasheet/371512050_Datablad_opro_sall-slim.pdf,https://www.vvs-eksperten.dk/sites/vvs-eksperten.dk/files/energylabels/371512050_Energimærke_2.PNG,yellow,C,371512050
90,https://www.vvs-eksperten.dk/sites/vvs-eksperten.dk/files/energylabels/datasheet/346150307_Datablad_CopMax_luft_vand_varmepumper_2020_4.pdf,https://www.vvs-eksperten.dk/sites/vvs-eksperten.dk/files/energylabels/346150310_energimaerke_0.jpg,green,AA,346151245
91,https://www.vvs-eksperten.dk/sites/vvs-eksperten.dk/files/energylabels/datasheet/346150307_Datablad_CopMax_luft_vand_varmepumper_2020_1.pdf,https://www.vvs-eksperten.dk/sites/vvs-eksperten.dk/files/energylabels/346150307_AS07V energimærke_2019_1.jpg,green,AA,346151515
92,https://www.vvs-eksperten.dk/sites/vvs-eksperten.dk/files/energylabels/datasheet/346019210 Datablad CopMax 10kW_0.pdf,https://www.vvs-eksperten.dk/sites/vvs-eksperten.dk/files/energylabels/346019210 Energimærke CopMax 10kW_0.jpg,green,AA,346019425
93,https://www.vvs-eksperten.dk/sites/vvs-eksperten.dk/files/energylabels/datasheet/346019215 copmax_jordvarmepumpe_datablad_0.pdf,https://www.vvs-eksperten.dk/sites/vvs-eksperten.dk/files/energylabels/346019215 Energimærke CopMax VP 15kW_0.jpg,green,AA,346019455
94,https://www.vvs-eksperten.dk/sites/vvs-eksperten.dk/files/energylabels/datasheet/371992030 Datablad Metro 20030_2.pdf,https://www.vvs-eksperten.dk/sites/vvs-eksperten.dk/files/energylabels/371992030 Energimærke Metro 20030.jpg,yellow,C,371992030
95,https://www.vvs-eksperten.dk/sites/vvs-eksperten.dk/files/energylabels/datasheet/371322200 Datablad Metro 2002C_2.pdf,https://www.vvs-eksperten.dk/sites/vvs-eksperten.dk/files/energylabels/371322200 Energimærke Metro 2002C.jpg,yellow,C,371322200
96,https://www.vvs-eksperten.dk/sites/vvs-eksperten.dk/files/energylabels/datasheet/345131230 Datablad Metro 2002_2.pdf,https://www.vvs-eksperten.dk/sites/vvs-eksperten.dk/files/energylabels/345131230 Energimærke Metro 2002.jpg,yellow,C,345131230
97,https://www.vvs-eksperten.dk/sites/vvs-eksperten.dk/files/energylabels/datasheet/371511250_datablad_atlantic_zeneo.pdf,https://www.vvs-eksperten.dk/sites/vvs-eksperten.dk/files/energylabels/371511330 Energimærke Zeneo 300 liter.jpg,lightgreen,C,371511330
98,https://www.vvs-eksperten.dk/sites/vvs-eksperten.dk/files/energylabels/datasheet/346150307_Datablad_CopMax_luft_vand_varmepumper_2020_2.pdf,https://www.vvs-eksperten.dk/sites/vvs-eksperten.dk/files/energylabels/346150307_AS07V energimærke_2019_2.jpg,green,AA,346151520
99,https://www.vvs-eksperten.dk/sites/vvs-eksperten.dk/files/energylabels/datasheet/346150307_Datablad_CopMax_luft_vand_varmepumper_2020_6.pdf,https://www.vvs-eksperten.dk/sites/vvs-eksperten.dk/files/energylabels/346150310_energimaerke_2.jpg,green,AA,346151540
100,https://www.vvs-eksperten.dk/sites/vvs-eksperten.dk/files/energylabels/datasheet/346150307_Datablad_CopMax_luft_vand_varmepumper_2020_8.pdf,https://www.vvs-eksperten.dk/sites/vvs-eksperten.dk/files/energylabels/346150314_AS14S energimærke 2019_0.jpg,green,AA,346151555
101,https://www.vvs-eksperten.dk/sites/vvs-eksperten.dk/files/energylabels/datasheet/346771290_Datablad_Panasonic CZ-WKE 2020.pdf,https://www.vvs-eksperten.dk/sites/vvs-eksperten.dk/files/energylabels/346771290_Energilabel.jpg,green,AA,346771290
102,https://www.vvs-eksperten.dk/sites/vvs-eksperten.dk/files/energylabels/datasheet/346771300_Datablad.pdf,https://www.vvs-eksperten.dk/sites/vvs-eksperten.dk/files/energylabels/346771300_Energilabel.jpg,green,AAA,346771300
103,https://www.vvs-eksperten.dk/sites/vvs-eksperten.dk/files/energylabels/datasheet/346771310_Datablad_0.pdf,https://www.vvs-eksperten.dk/sites/vvs-eksperten.dk/files/energylabels/346771310_Energilabel.jpg,green,AAA,346771310
104,https://www.vvs-eksperten.dk/sites/vvs-eksperten.dk/files/energylabels/datasheet/346771330_ETHEREA NZ VKE.pdf,https://www.vvs-eksperten.dk/sites/vvs-eksperten.dk/files/energylabels/346771330_Energilabel.jpg,green,AAA,346771330
105,https://www.vvs-eksperten.dk/sites/vvs-eksperten.dk/files/energylabels/datasheet/346771330_ETHEREA NZ VKE_0.pdf,https://www.vvs-eksperten.dk/sites/vvs-eksperten.dk/files/energylabels/346771320_Energilabel.jpg,green,AAA,346771320
106,https://www.vvs-eksperten.dk/sites/vvs-eksperten.dk/files/energylabels/datasheet/346771360_datablad_panasonic_aquarea_monoblok_j.pdf,https://www.vvs-eksperten.dk/sites/vvs-eksperten.dk/files/energylabels/346771360_Energimærke.jpg,green,AAA,346771360
107,https://www.vvs-eksperten.dk/sites/vvs-eksperten.dk/files/energylabels/datasheet/346771355_Datablad Panasonic Aquarea Monoblok J.pdf,https://www.vvs-eksperten.dk/sites/vvs-eksperten.dk/files/energylabels/346771355_Energilabel.jpg,green,AAA,346771355
108,https://www.vvs-eksperten.dk/sites/vvs-eksperten.dk/files/energylabels/datasheet/346150307_Datablad_CopMax_luft_vand_varmepumper_2020_12.pdf,https://www.vvs-eksperten.dk/sites/vvs-eksperten.dk/files/energylabels/346150321_AS20V energy lable 2019_0.jpg,green,AA,346151560
109,https://www.vvs-eksperten.dk/sites/vvs-eksperten.dk/files/energylabels/datasheet/346150307_Datablad_CopMax_luft_vand_varmepumper_2020_13.pdf,https://www.vvs-eksperten.dk/sites/vvs-eksperten.dk/files/energylabels/346150321_AS20V energy lable 2019_1.jpg,green,AA,346151565
110,https://www.vvs-eksperten.dk/sites/vvs-eksperten.dk/files/energylabels/datasheet/346771355_Datablad Panasonic Aquarea Monoblok J_0.pdf,https://www.vvs-eksperten.dk/sites/vvs-eksperten.dk/files/energylabels/346771355_Energilabel_0.jpg,green,AAA,346771510
111,https://www.vvs-eksperten.dk/sites/vvs-eksperten.dk/files/energylabels/datasheet/346771355_Datablad Panasonic Aquarea Monoblok J_1.pdf,https://www.vvs-eksperten.dk/sites/vvs-eksperten.dk/files/energylabels/346771355_Energilabel_1.jpg,green,AAA,346771520
112,https://www.vvs-eksperten.dk/sites/vvs-eksperten.dk/files/energylabels/datasheet/346771360_datablad_panasonic_aquarea_monoblok_j_1.pdf,https://www.vvs-eksperten.dk/sites/vvs-eksperten.dk/files/energylabels/346771360_Energimærke_1.jpg,green,AAA,346771530
113,https://www.vvs-eksperten.dk/sites/vvs-eksperten.dk/files/energylabels/datasheet/346771360_datablad_panasonic_aquarea_monoblok_j_0.pdf,https://www.vvs-eksperten.dk/sites/vvs-eksperten.dk/files/energylabels/346771360_Energimærke_0.jpg,green,AAA,346771540
114,https://www.vvs-eksperten.dk/sites/vvs-eksperten.dk/files/energylabels/datasheet/359011130_Tekniskdata 90001243 Erp Product Fiche.jpg,https://www.vvs-eksperten.dk/sites/vvs-eksperten.dk/files/energylabels/359011130_Energimærke 90001243 Erp Product Label.jpg,green,AA,359011130
115,https://www.vvs-eksperten.dk/sites/vvs-eksperten.dk/files/energylabels/datasheet/359011140_Tekniskdata 90001244 Erp Product Fiche_0.jpg,https://www.vvs-eksperten.dk/sites/vvs-eksperten.dk/files/energylabels/359011140_Energimærke 90001244 Erp Product Label_0.jpg,green,AA,359011140
116,https://www.vvs-eksperten.dk/sites/vvs-eksperten.dk/files/energylabels/datasheet/307010020_BC 200-2000K(F).pdf,https://www.vvs-eksperten.dk/sites/vvs-eksperten.dk/files/energylabels/307010020_energimærke.PNG,lightgreen,B,307010020
117,https://www.vvs-eksperten.dk/sites/vvs-eksperten.dk/files/energylabels/datasheet/307010020_BC 200-2000K(F)_0.pdf,https://www.vvs-eksperten.dk/sites/vvs-eksperten.dk/files/energylabels/307010020_energimærke_0.PNG,lightgreen,B,307010025
118,https://www.vvs-eksperten.dk/sites/vvs-eksperten.dk/files/energylabels/datasheet/346771360_datablad_panasonic_aquarea_monoblok_j_1_6.pdf,https://www.vvs-eksperten.dk/sites/vvs-eksperten.dk/files/energylabels/346771120_Energimærke WH-MXC09H3E8 Panasonic_2.jpg,green,AAA,346771550
119,https://www.vvs-eksperten.dk/sites/vvs-eksperten.dk/files/energylabels/datasheet/346771360_datablad_panasonic_aquarea_monoblok_j_1_5.pdf,https://www.vvs-eksperten.dk/sites/vvs-eksperten.dk/files/energylabels/346771140_Energimærke WH-MXC12H9E8 Panasonic_2.jpg,green,AAA,346771560
120,https://www.vvs-eksperten.dk/sites/vvs-eksperten.dk/files/energylabels/datasheet/346771360_datablad_panasonic_aquarea_monoblok_j_1_4.pdf,https://www.vvs-eksperten.dk/sites/vvs-eksperten.dk/files/energylabels/346771100_Energimærke WH-MXC16H9E8 Panasonic_2.jpg,green,AAA,346771570
121,https://www.vvs-eksperten.dk/sites/vvs-eksperten.dk/files/energylabels/datasheet/346771360_datablad_panasonic_aquarea_monoblok_j_1_2.pdf,https://www.vvs-eksperten.dk/sites/vvs-eksperten.dk/files/energylabels/346771120_Energimærke WH-MXC09H3E8 Panasonic_1.jpg,green,AAA,346771580
122,https://www.vvs-eksperten.dk/sites/vvs-eksperten.dk/files/energylabels/datasheet/346771360_datablad_panasonic_aquarea_monoblok_j_1_1.pdf,https://www.vvs-eksperten.dk/sites/vvs-eksperten.dk/files/energylabels/346771140_Energimærke WH-MXC12H9E8 Panasonic_1.jpg,green,AAA,346771590
123,https://www.vvs-eksperten.dk/sites/vvs-eksperten.dk/files/energylabels/datasheet/346771360_datablad_panasonic_aquarea_monoblok_j_1_0.pdf,https://www.vvs-eksperten.dk/sites/vvs-eksperten.dk/files/energylabels/346771100_Energimærke WH-MXC16H9E8 Panasonic_0.jpg,green,AAA,346771600
124,https://www.vvs-eksperten.dk/sites/vvs-eksperten.dk/files/energylabels/datasheet/346771160_Datablad Panasonic Aquarea monoblock_0_3.pdf,https://www.vvs-eksperten.dk/sites/vvs-eksperten.dk/files/energylabels/346771120_Energimærke WH-MXC09H3E8 Panasonic_0.jpg,green,AAA,346771610
125,https://www.vvs-eksperten.dk/sites/vvs-eksperten.dk/files/energylabels/datasheet/346771160_Datablad Panasonic Aquarea monoblock_0_2.pdf,https://www.vvs-eksperten.dk/sites/vvs-eksperten.dk/files/energylabels/346771140_Energimærke WH-MXC12H9E8 Panasonic_0.jpg,green,AAA,346771620
126,https://www.vvs-eksperten.dk/sites/vvs-eksperten.dk/files/energylabels/datasheet/305500A10_Ilana pilleovn Datablad.pdf,https://www.vvs-eksperten.dk/sites/vvs-eksperten.dk/files/energylabels/305500A10_energimærke ILANA 8.jpg,green,AA,305500A10
127,https://www.vvs-eksperten.dk/sites/vvs-eksperten.dk/files/energylabels/datasheet/Ilana pilleovn Datablad_305500A10.pdf,https://www.vvs-eksperten.dk/sites/vvs-eksperten.dk/files/energylabels/305500A10_energimærke ILANA 8_0.jpg,green,AA,305500A15
128,https://www.vvs-eksperten.dk/sites/vvs-eksperten.dk/files/energylabels/datasheet/345118A30_Tekniske datablad.pdf,https://www.vvs-eksperten.dk/sites/vvs-eksperten.dk/files/energylabels/345118A30_WV03039_energimærke.PNG,yellow,C,345118A30
129,https://www.vvs-eksperten.dk/sites/vvs-eksperten.dk/files/energylabels/datasheet/Eldom-Galanta-Spectra_W_2021-11-05_A5.pdf,https://www.vvs-eksperten.dk/sites/vvs-eksperten.dk/files/energylabels/345118A30_WV03039_energimærke.jpg,yellow,C,345118C30
130,https://www.vvs-eksperten.dk/sites/vvs-eksperten.dk/files/energylabels/datasheet/Teknisk data Eldom.pdf,https://www.vvs-eksperten.dk/sites/vvs-eksperten.dk/files/energylabels/345118A10_Energimærke.jpg,darkgreen,B,345118A10
131,https://www.vvs-eksperten.dk/sites/vvs-eksperten.dk/files/energylabels/datasheet/80000006108_datablad.pdf,https://www.vvs-eksperten.dk/sites/vvs-eksperten.dk/files/energylabels/energimærke airam g4.PNG,green,AAA,80000006108
132,https://www.vvs-eksperten.dk/sites/vvs-eksperten.dk/files/energylabels/datasheet/80000003463_Energimærke.jpg,https://www.vvs-eksperten.dk/sites/vvs-eksperten.dk/files/energylabels/80000003463_Energimærke.jpg,green,AA,80000003463
133,https://www.vvs-eksperten.dk/sites/vvs-eksperten.dk/files/energylabels/datasheet/Datablad El-Max LED armatur.pdf,https://www.vvs-eksperten.dk/sites/vvs-eksperten.dk/files/energylabels/80000100505_enerimaerke.pdf,green,AAA,80000100505
134,https://www.vvs-eksperten.dk/sites/vvs-eksperten.dk/files/energylabels/datasheet/Datablad El-Max LED armatur_0.pdf,https://www.vvs-eksperten.dk/sites/vvs-eksperten.dk/files/energylabels/80000100510_energimaerke.pdf,green,AAA,80000100510
135,https://www.vvs-eksperten.dk/sites/vvs-eksperten.dk/files/energylabels/datasheet/80009983235_manual_2.pdf,https://www.vvs-eksperten.dk/sites/vvs-eksperten.dk/files/energylabels/energimærke.PNG,green,AA,80009983235
136,https://www.vvs-eksperten.dk/sites/vvs-eksperten.dk/files/energylabels/datasheet/80009983237_Datablad_MD-9983237.pdf,https://www.vvs-eksperten.dk/sites/vvs-eksperten.dk/files/energylabels/80009983237_energimærke.jpg,green,AA,80009983237
137,https://www.vvs-eksperten.dk/sites/vvs-eksperten.dk/files/energylabels/datasheet/80009983277_Datablad Wi-Fi LEd E14 MD-9983277.pdf,https://www.vvs-eksperten.dk/sites/vvs-eksperten.dk/files/energylabels/80009983277_Energimærke.jpg,green,AA,80009983277
138,https://www.vvs-eksperten.dk/sites/vvs-eksperten.dk/files/energylabels/datasheet/80009983302_Datablad 9983302.pdf,https://www.vvs-eksperten.dk/sites/vvs-eksperten.dk/files/energylabels/80009983302_Energimærke.jpg,green,AA,80009983302
139,https://www.vvs-eksperten.dk/sites/vvs-eksperten.dk/files/energylabels/datasheet/80009983303_Produktblad.pdf,https://www.vvs-eksperten.dk/sites/vvs-eksperten.dk/files/energylabels/80009983303_2.jpg,green,AA,80009983303
140,https://www.vvs-eksperten.dk/sites/vvs-eksperten.dk/files/energylabels/datasheet/Teknisk data Eldom_0.pdf,https://www.vvs-eksperten.dk/sites/vvs-eksperten.dk/files/energylabels/345118B10_Energimærke_72325NMP.jpg,darkgreen,B,345118B10
141,https://www.vvs-eksperten.dk/sites/vvs-eksperten.dk/files/energylabels/datasheet/345118B15_datablad_0.pdf,https://www.vvs-eksperten.dk/sites/vvs-eksperten.dk/files/energylabels/345118A15_energimærke.jpg,darkgreen,B,345118A15
142,https://www.vvs-eksperten.dk/sites/vvs-eksperten.dk/files/energylabels/datasheet/345118B15_datablad.pdf,https://www.vvs-eksperten.dk/sites/vvs-eksperten.dk/files/energylabels/345118B15_energimærke.jpg,darkgreen,B,345118B15
143,https://www.vvs-eksperten.dk/sites/vvs-eksperten.dk/files/energylabels/datasheet/342173014_ZSB14_5_Datablad.pdf,https://www.vvs-eksperten.dk/sites/vvs-eksperten.dk/files/energylabels/342173014_Energimærke.jpg,lightgreen,A,342173014
144,https://www.vvs-eksperten.dk/sites/vvs-eksperten.dk/files/energylabels/datasheet/342188165_Datablad.pdf,https://www.vvs-eksperten.dk/sites/vvs-eksperten.dk/files/energylabels/342188165_Energimærke.jpg,yellow,C,342188165
145,https://www.vvs-eksperten.dk/sites/vvs-eksperten.dk/files/energylabels/datasheet/359200030 Datablad Danfoss Air.pdf,https://www.vvs-eksperten.dk/sites/vvs-eksperten.dk/files/energylabels/359200030_Energilabel Danfoss A3_0.jpg,green,A,359200030
146,https://www.vvs-eksperten.dk/sites/vvs-eksperten.dk/files/energylabels/datasheet/359201010 Datablad Danfoss Air.pdf,https://www.vvs-eksperten.dk/sites/vvs-eksperten.dk/files/energylabels/359201010_Danfoss Air W1_energimærke_0.jpg,green,A,359201010
147,https://www.vvs-eksperten.dk/sites/vvs-eksperten.dk/files/energylabels/datasheet/359201020 Datablad Danfoss Air.pdf,https://www.vvs-eksperten.dk/sites/vvs-eksperten.dk/files/energylabels/359201020_Energilabel Danfoss Air W2_1.jpg,green,A,359201020
148,https://www.vvs-eksperten.dk/sites/vvs-eksperten.dk/files/energylabels/datasheet/359200020 Datablad Danfoss Air.pdf,https://www.vvs-eksperten.dk/sites/vvs-eksperten.dk/files/energylabels/359200020_Energilabel Danfoss A2_2.jpg,green,A,359200020
149,,https://www.vvs-eksperten.dk/sites/vvs-eksperten.dk/files/energylabels/359010085_Datablad Duplexvent DV72 90000556 Right_2.pdf,green,A,GENPAK2AE
150,,https://www.vvs-eksperten.dk/sites/vvs-eksperten.dk/files/energylabels/359010090_Datablad Duplexvent DV72 90000557 Left.pdf,green,A,359010090
151,,https://www.vvs-eksperten.dk/sites/vvs-eksperten.dk/files/energylabels/359010100_Datablad Duplexvent BV400 90000660.pdf,green,A,359010100
152,,https://www.vvs-eksperten.dk/sites/vvs-eksperten.dk/files/energylabels/359010085_Datablad Duplexvent DV72 90000556 Right.pdf,green,A,359010085
153,https://www.vvs-eksperten.dk/sites/vvs-eksperten.dk/files/energylabels/datasheet/359111100_Datablad.pdf,https://www.vvs-eksperten.dk/sites/vvs-eksperten.dk/files/energylabels/359111100_Energilabel_Energy ECO 180_0.jpg,green,A,359111100
154,https://www.vvs-eksperten.dk/sites/vvs-eksperten.dk/files/energylabels/datasheet/359104010_Datablad.pdf,https://www.vvs-eksperten.dk/sites/vvs-eksperten.dk/files/energylabels/359104010_Energilabel_0.jpg,green,A,359104010
155,https://www.vvs-eksperten.dk/sites/vvs-eksperten.dk/files/energylabels/datasheet/359105100_Datablad.pdf,https://www.vvs-eksperten.dk/sites/vvs-eksperten.dk/files/energylabels/359105100_Energilabel-GE-Energy-2_0.jpg,green,A,359105100
156,https://www.vvs-eksperten.dk/sites/vvs-eksperten.dk/files/energylabels/datasheet/359106110_Datablad.pdf,https://www.vvs-eksperten.dk/sites/vvs-eksperten.dk/files/energylabels/359106110_Energilabel_0.jpg,green,A,359106110
157,https://www.vvs-eksperten.dk/sites/vvs-eksperten.dk/files/energylabels/datasheet/Datablad-GE-Energy-3_359106100.pdf,https://www.vvs-eksperten.dk/sites/vvs-eksperten.dk/files/energylabels/359106100_Energilabel_0.jpg,green,A,359106100
158,https://www.vvs-eksperten.dk/sites/vvs-eksperten.dk/files/energylabels/datasheet/359107411_Datablad.pdf,https://www.vvs-eksperten.dk/sites/vvs-eksperten.dk/files/energylabels/359107411_Energilabel_0.jpg,green,A,359107411
159,https://www.vvs-eksperten.dk/sites/vvs-eksperten.dk/files/energylabels/datasheet/UNITE100 brochure HR100R.pdf,https://www.vvs-eksperten.dk/sites/vvs-eksperten.dk/files/energylabels/UNITE100 datablad hr100r.pdf,green,A,UNITE100
160,,https://www.vvs-eksperten.dk/sites/vvs-eksperten.dk/files/energylabels/UNITS400B datablad_kinetic.pdf,darkgreen,AA,UNITS400B
161,,https://www.vvs-eksperten.dk/sites/vvs-eksperten.dk/files/energylabels/359010085_Datablad Duplexvent DV72 90000556 Right_0.pdf,green,A,GENPAK1A
162,,https://www.vvs-eksperten.dk/sites/vvs-eksperten.dk/files/energylabels/359010090_Datablad Duplexvent DV72 90000557 Left_0.pdf,green,A,GENPAK1AV
163,,https://www.vvs-eksperten.dk/sites/vvs-eksperten.dk/files/energylabels/359010085_Datablad Duplexvent DV72 90000556 Right_1.pdf,green,A,GENPAK2A
164,,https://www.vvs-eksperten.dk/sites/vvs-eksperten.dk/files/energylabels/359010090_Datablad Duplexvent DV72 90000557 Left_1.pdf,green,A,GENPAK2AV
165,,https://www.vvs-eksperten.dk/sites/vvs-eksperten.dk/files/energylabels/359010085_Datablad Duplexvent DV72 90000556 Right_3.pdf,green,A,GENPAK3A
166,,https://www.vvs-eksperten.dk/sites/vvs-eksperten.dk/files/energylabels/359010090_Datablad Duplexvent DV72 90000557 Left_2.pdf,green,A,GENPAK3AV
167,,https://www.vvs-eksperten.dk/sites/vvs-eksperten.dk/files/energylabels/359010100_Datablad Duplexvent BV400 90000660_1.pdf,green,A,GENPAK4A
168,,https://www.vvs-eksperten.dk/sites/vvs-eksperten.dk/files/energylabels/359010100_Datablad Duplexvent BV400 90000660_0.pdf,green,A,GENPAK5A
169,https://www.vvs-eksperten.dk/sites/vvs-eksperten.dk/files/energylabels/datasheet/303131025_Atmos datablad_2.pdf,https://www.vvs-eksperten.dk/sites/vvs-eksperten.dk/files/energylabels/Atmos DC 18 DG Energimærke_303131018.jpg,green,AA,303131018
170,https://www.vvs-eksperten.dk/sites/vvs-eksperten.dk/files/energylabels/datasheet/303131025_Atmos datablad.pdf,https://www.vvs-eksperten.dk/sites/vvs-eksperten.dk/files/energylabels/Atmos DC 25 S Energimærke_303131025.jpg,green,AA,303131025
171,https://www.vvs-eksperten.dk/sites/vvs-eksperten.dk/files/energylabels/datasheet/303131025_Atmos datablad_1.pdf,https://www.vvs-eksperten.dk/sites/vvs-eksperten.dk/files/energylabels/Atmos DC 32 S Energimærke_303131030.jpg,green,AA,303131030
172,https://www.vvs-eksperten.dk/sites/vvs-eksperten.dk/files/energylabels/datasheet/303131025_Atmos datablad_3.pdf,https://www.vvs-eksperten.dk/sites/vvs-eksperten.dk/files/energylabels/Atmos DC 40 DG Energimærke_303131040_0.jpg,green,AA,303131040
173,https://www.vvs-eksperten.dk/sites/vvs-eksperten.dk/files/energylabels/datasheet/303131025_Atmos datablad_0.pdf,https://www.vvs-eksperten.dk/sites/vvs-eksperten.dk/files/energylabels/303131050_Energimærke.jpg,green,AA,303131050
174,https://www.vvs-eksperten.dk/sites/vvs-eksperten.dk/files/energylabels/datasheet/304006018_Datablad_0.pdf,https://www.vvs-eksperten.dk/sites/vvs-eksperten.dk/files/energylabels/304006018_Energimærke_18kw.PNG,green,AA,304006018
175,https://www.vvs-eksperten.dk/sites/vvs-eksperten.dk/files/energylabels/datasheet/304006018_Datablad.pdf,https://www.vvs-eksperten.dk/sites/vvs-eksperten.dk/files/energylabels/304006025_Energimærke_25kw.PNG,green,AA,304006025
176,https://www.vvs-eksperten.dk/sites/vvs-eksperten.dk/files/energylabels/datasheet/304006018_Datablad_1.pdf,https://www.vvs-eksperten.dk/sites/vvs-eksperten.dk/files/energylabels/304006040_Energimærke_40kw.PNG,green,AA,304006040
177,https://www.vvs-eksperten.dk/sites/vvs-eksperten.dk/files/energylabels/datasheet/304006018_Datablad_2.pdf,https://www.vvs-eksperten.dk/sites/vvs-eksperten.dk/files/energylabels/304006060_Energimærke_60kw.PNG,green,AA,304006060
178,https://www.vvs-eksperten.dk/sites/vvs-eksperten.dk/files/energylabels/datasheet/304006018_Datablad_4.pdf,https://www.vvs-eksperten.dk/sites/vvs-eksperten.dk/files/energylabels/304006060_Energimærke_60kw_1.PNG,green,AA,304006096
179,https://www.vvs-eksperten.dk/sites/vvs-eksperten.dk/files/energylabels/datasheet/304006018_Datablad_3.pdf,https://www.vvs-eksperten.dk/sites/vvs-eksperten.dk/files/energylabels/304006060_Energimærke_60kw_0.PNG,green,AA,304006130
180,https://www.vvs-eksperten.dk/sites/vvs-eksperten.dk/files/energylabels/datasheet/792001025_datablad.pdf,https://www.vvs-eksperten.dk/sites/vvs-eksperten.dk/files/energylabels/792001025_energimærke.jpg,lightgreen,A,792001025
181,https://www.vvs-eksperten.dk/sites/vvs-eksperten.dk/files/energylabels/datasheet/792001160_Datablad.pdf,https://www.vvs-eksperten.dk/sites/vvs-eksperten.dk/files/energylabels/792001160_Energimærke.jpg,darkgreen,AA,792001160
182,https://www.vvs-eksperten.dk/sites/vvs-eksperten.dk/files/energylabels/datasheet/Datablad Mino Ada.pdf,https://www.vvs-eksperten.dk/sites/vvs-eksperten.dk/files/energylabels/792001190_Energimærke.png,green,AA,792001190
183,https://www.vvs-eksperten.dk/sites/vvs-eksperten.dk/files/energylabels/datasheet/792001200_datablad.pdf,https://www.vvs-eksperten.dk/sites/vvs-eksperten.dk/files/energylabels/792001200_energimærke.jpg,lightgreen,A,792001200
184,https://www.vvs-eksperten.dk/sites/vvs-eksperten.dk/files/energylabels/datasheet/792001330_Datablad.pdf,https://www.vvs-eksperten.dk/sites/vvs-eksperten.dk/files/energylabels/792001330_Energimærke.jpg,darkorange,D,792001330
185,https://www.vvs-eksperten.dk/sites/vvs-eksperten.dk/files/energylabels/datasheet/792001340_Datablad.pdf,https://www.vvs-eksperten.dk/sites/vvs-eksperten.dk/files/energylabels/792001340_Energimærke.jpg,darkorange,D,792001340
186,https://www.vvs-eksperten.dk/sites/vvs-eksperten.dk/files/energylabels/datasheet/792001350_Datablad.pdf,https://www.vvs-eksperten.dk/sites/vvs-eksperten.dk/files/energylabels/792001350_Energimærke.jpg,darkorange,D,792001350
187,https://www.vvs-eksperten.dk/sites/vvs-eksperten.dk/files/energylabels/datasheet/792001360_Datablad.pdf,https://www.vvs-eksperten.dk/sites/vvs-eksperten.dk/files/energylabels/792001360_Energimærke.jpg,darkorange,D,792001360
188,https://www.vvs-eksperten.dk/sites/vvs-eksperten.dk/files/energylabels/datasheet/792001410_Datablad.pdf,https://www.vvs-eksperten.dk/sites/vvs-eksperten.dk/files/energylabels/792001410_Energimærke.jpg,darkorange,D,792001410
189,https://www.vvs-eksperten.dk/sites/vvs-eksperten.dk/files/energylabels/datasheet/792001440_Datablad.pdf,https://www.vvs-eksperten.dk/sites/vvs-eksperten.dk/files/energylabels/792001440_Energimærke.jpg,green,A,792001440
190,https://www.vvs-eksperten.dk/sites/vvs-eksperten.dk/files/energylabels/datasheet/792001640_Datablad.pdf,https://www.vvs-eksperten.dk/sites/vvs-eksperten.dk/files/energylabels/792001640_Energimærke.jpg,darkgreen,AA,792001640
191,https://www.vvs-eksperten.dk/sites/vvs-eksperten.dk/files/energylabels/datasheet/792001670_Datablad.pdf,https://www.vvs-eksperten.dk/sites/vvs-eksperten.dk/files/energylabels/792001670_Energimærke.jpg,green,AA,792001670
192,https://www.vvs-eksperten.dk/sites/vvs-eksperten.dk/files/energylabels/datasheet/792001055_datablad.pdf,https://www.vvs-eksperten.dk/sites/vvs-eksperten.dk/files/energylabels/792001055_energimærke.jpg,darkorange,D,792001055
193,,https://www.vvs-eksperten.dk/sites/vvs-eksperten.dk/files/energylabels/636385100_Datablad_2.pdf,green,B,636385100
194,,https://www.vvs-eksperten.dk/sites/vvs-eksperten.dk/files/energylabels/636385110_energimærke.jpg,green,B,636385110
